{"options":{"awareOfChrome":false,"comment":null,"compat_arrayleft":false,"compat_foreach":false,"compat_forvarin":false,"compat_metadata":false,"compat_uW_gmonkey":false,"compat_wrappedjsobject":false,"compatopts_for_requires":true,"noframes":null,"override":{"merge_connects":true,"merge_excludes":true,"merge_includes":true,"merge_matches":true,"orig_connects":["*"],"orig_excludes":[],"orig_includes":["http://www.baidu.com/*","https://www.baidu.com/*","http://www.sogou.com/*","https://www.sogou.com/*"],"orig_matches":[],"orig_noframes":null,"orig_run_at":"document-end","use_blockers":[],"use_connects":["*"],"use_excludes":[],"use_includes":[],"use_matches":[]},"run_at":null},"settings":{"enabled":true,"position":7},"meta":{"name":"AC-Baidu：绕过百度重定向直接访问网页","uuid":"69c3d9e5-890e-4b96-b13f-a37b6fb44106","modified":1479966100395,"file_url":"https://greasyfork.org/scripts/14178-ac-baidu-%E7%BB%95%E8%BF%87%E7%99%BE%E5%BA%A6%E9%87%8D%E5%AE%9A%E5%90%91%E7%9B%B4%E6%8E%A5%E8%AE%BF%E9%97%AE%E7%BD%91%E9%A1%B5/code/AC-Baidu%EF%BC%9A%E7%BB%95%E8%BF%87%E7%99%BE%E5%BA%A6%E9%87%8D%E5%AE%9A%E5%90%91%E7%9B%B4%E6%8E%A5%E8%AE%BF%E9%97%AE%E7%BD%91%E9%A1%B5.user.js"}}