{"options":{"awareOfChrome":false,"comment":null,"compat_arrayleft":false,"compat_foreach":false,"compat_forvarin":false,"compat_metadata":false,"compat_uW_gmonkey":false,"compat_wrappedjsobject":false,"compatopts_for_requires":true,"noframes":null,"override":{"merge_connects":true,"merge_excludes":true,"merge_includes":true,"merge_matches":true,"orig_connects":[],"orig_excludes":[],"orig_includes":["http://pan.baidu.com/inbox/i/*"],"orig_matches":[],"orig_noframes":null,"orig_run_at":"document-idle","use_blockers":[],"use_connects":[],"use_excludes":[],"use_includes":[],"use_matches":[]},"run_at":null},"settings":{"enabled":true,"position":21},"meta":{"name":"Baidu.Inbox.Any.Share","uuid":"8a805b0d-aaa1-4716-b346-aa4f2370f61c","modified":1479975877216,"file_url":"https://greasyfork.org/scripts/2717-baidu-inbox-any-share/code/BaiduInboxAnyShare.user.js"}}