{"options":{"awareOfChrome":false,"comment":null,"compat_arrayleft":false,"compat_foreach":false,"compat_forvarin":false,"compat_metadata":false,"compat_uW_gmonkey":false,"compat_wrappedjsobject":false,"compatopts_for_requires":true,"noframes":null,"override":{"merge_connects":true,"merge_excludes":true,"merge_includes":true,"merge_matches":true,"orig_connects":[],"orig_excludes":[],"orig_includes":["http://download.csdn.net/my/downloads","http://download.csdn.net/my/downloads/*"],"orig_matches":[],"orig_noframes":null,"orig_run_at":"document-idle","use_blockers":[],"use_connects":[],"use_excludes":[],"use_includes":[],"use_matches":[]},"run_at":null},"settings":{"enabled":true,"position":22},"meta":{"name":"CSDN自动评论","uuid":"3d4c22cc-e234-49c5-b502-8b55138b96a7","modified":1479975941801,"file_url":"https://greasyfork.org/scripts/9982-csdn%E8%87%AA%E5%8A%A8%E8%AF%84%E8%AE%BA/code/CSDN%E8%87%AA%E5%8A%A8%E8%AF%84%E8%AE%BA.user.js"}}