{"options":{"awareOfChrome":false,"comment":null,"compat_arrayleft":false,"compat_foreach":false,"compat_forvarin":false,"compat_metadata":false,"compat_uW_gmonkey":false,"compat_wrappedjsobject":false,"compatopts_for_requires":true,"noframes":null,"override":{"merge_connects":true,"merge_excludes":true,"merge_includes":true,"merge_matches":true,"orig_connects":[],"orig_excludes":[],"orig_includes":["http://www.google.tld/search?*","https://www.google.tld/search?*","http*://www.google.*/*q=*"],"orig_matches":[],"orig_noframes":null,"orig_run_at":"document-idle","use_blockers":[],"use_connects":[],"use_excludes":[],"use_includes":[],"use_matches":[]},"run_at":null},"settings":{"enabled":true,"position":23},"meta":{"name":"Google+(baidu bing youdao)","uuid":"7e2420ca-8783-4312-ac5e-eb2e2d199c64","modified":1479976051499,"file_url":"https://greasyfork.org/scripts/4633-google-baidu-bing-youdao/code/Google+(baidu%20bing%20youdao).user.js"}}