{"options":{"awareOfChrome":false,"comment":null,"compat_arrayleft":false,"compat_foreach":false,"compat_forvarin":false,"compat_metadata":false,"compat_uW_gmonkey":false,"compat_wrappedjsobject":false,"compatopts_for_requires":true,"noframes":null,"override":{"merge_connects":true,"merge_excludes":true,"merge_includes":true,"merge_matches":true,"orig_connects":[],"orig_excludes":[],"orig_includes":["http://*.jd.com/*","https://*.jd.com/*","http://*.taobao.com/*","https://*.taobao.com/*","http://*.tmall.com/*","https://*.tmall.com/*","http://*.yixun.com/*","http://*.51buy.com/*","http://*.amazon.cn/*","http://*.yhd.com/*","http://*.suning.com/*","http://*.dangdang.com/*","http://*.gome.com.cn/*","http://*.newegg.cn/*","http://*.paipai.com/*","https://*.amazon.com/*","http://www.kjt.com/*","http://www.kaola.com/*","http://www.tcl.com/*","http://shop.hisense.com/*","http://*.oppo.com/*","http://shop.vivo.com.cn/*","http://www.ebay.com/*","http://t.dianping.com/*","http://*.nuomi.com/*","http://*.meituan.com/*","https://yao.95095.com/*","http://*.feiniu.com/*","http://*.meilishuo.com/*","http://*.mogujie.com/*","http://shop.coolpad.cn/*","http://*.sephora.cn/*","http://*.yesmywine.com/*","http://*.yiguo.com/*","http://*.wanggou.com/*","http://mall.jia.com/*","http://weigou.baidu.com/*","http://*.mi.com/*","http://shop.letv.com/*","http://*.handu.com/*","http://*.taoshu.com/*","http://*.1688.com/*","http://*.muyingzhijia.com/*","http://*.vmall.com/*","http://*.xiji.com/*","http://*.xijie.com/*"],"orig_matches":[],"orig_noframes":null,"orig_run_at":"document-idle","use_blockers":[],"use_connects":[],"use_excludes":[],"use_includes":[],"use_matches":[]},"run_at":null},"settings":{"enabled":true,"position":10},"meta":{"name":"gwdang","uuid":"ffc59d6d-6b0d-44f3-bb0e-8d59448a6a48","modified":1479966165008,"file_url":"https://greasyfork.org/scripts/14466-%E8%B4%AD%E7%89%A9%E5%85%9A%E6%AF%94%E4%BB%B7%E5%B7%A5%E5%85%B7/code/%E8%B4%AD%E7%89%A9%E5%85%9A%E6%AF%94%E4%BB%B7%E5%B7%A5%E5%85%B7.user.js"}}