{"options":{"awareOfChrome":false,"comment":null,"compat_arrayleft":false,"compat_foreach":false,"compat_forvarin":false,"compat_metadata":false,"compat_uW_gmonkey":false,"compat_wrappedjsobject":true,"compatopts_for_requires":true,"noframes":null,"override":{"merge_connects":true,"merge_excludes":true,"merge_includes":true,"merge_matches":true,"orig_connects":[],"orig_excludes":["http://blog.guqiankun.com/*","http://localhost*"],"orig_includes":["/^https?\\:\\/\\/(www|news|maps|docs|cse|encrypted)\\.google\\./","http://play.baidu.com/*","http://movie.douban.com/subject/*","http://book.douban.com/subject/*"],"orig_matches":["*://*/*"],"orig_noframes":true,"orig_run_at":"document-end","use_blockers":[],"use_connects":[],"use_excludes":[],"use_includes":[],"use_matches":[]},"run_at":null},"settings":{"enabled":false,"position":2},"meta":{"name":"MyTools","uuid":"eda86fba-1375-4243-b91d-42b8eacd3e02","modified":1476190572620,"file_url":"https://greasyfork.org/scripts/10453-mytools/code/MyTools.user.js"}}