{"options":{"awareOfChrome":false,"comment":null,"compat_arrayleft":false,"compat_foreach":false,"compat_forvarin":false,"compat_metadata":false,"compat_uW_gmonkey":false,"compat_wrappedjsobject":false,"compatopts_for_requires":true,"noframes":null,"override":{"merge_connects":true,"merge_excludes":true,"merge_includes":true,"merge_matches":true,"orig_connects":[],"orig_excludes":[],"orig_includes":["*.zhihu.com/*"],"orig_matches":[],"orig_noframes":null,"orig_run_at":"document-end","use_blockers":[],"use_connects":[],"use_excludes":[],"use_includes":[],"use_matches":[]},"run_at":null},"settings":{"enabled":true,"position":20},"meta":{"name":"Zhihu Link Redirect Fix","uuid":"61407611-ed62-4135-9c76-b0d29d3d64d6","modified":1479975841660,"file_url":"https://greasyfork.org/scripts/20431-zhihu-link-redirect-fix/code/Zhihu%20Link%20Redirect%20Fix.user.js"}}