{"options":{"awareOfChrome":false,"comment":null,"compat_arrayleft":false,"compat_foreach":false,"compat_forvarin":false,"compat_metadata":false,"compat_uW_gmonkey":false,"compat_wrappedjsobject":false,"compatopts_for_requires":true,"noframes":null,"override":{"merge_connects":true,"merge_excludes":true,"merge_includes":true,"merge_matches":true,"orig_connects":[],"orig_excludes":[],"orig_includes":["*"],"orig_matches":[],"orig_noframes":null,"orig_run_at":"document-idle","use_blockers":[],"use_connects":[],"use_excludes":[],"use_includes":[],"use_matches":[]},"run_at":null},"settings":{"enabled":true,"position":26},"meta":{"name":"為什麼你們就是不能加個空格呢？","uuid":"d38a5f20-b3ec-4b55-9b6c-c61d754ef710","modified":1479976205596,"file_url":"https://greasyfork.org/scripts/2185-%E7%82%BA%E4%BB%80%E9%BA%BC%E4%BD%A0%E5%80%91%E5%B0%B1%E6%98%AF%E4%B8%8D%E8%83%BD%E5%8A%A0%E5%80%8B%E7%A9%BA%E6%A0%BC%E5%91%A2/code/%E7%82%BA%E4%BB%80%E9%BA%BC%E4%BD%A0%E5%80%91%E5%B0%B1%E6%98%AF%E4%B8%8D%E8%83%BD%E5%8A%A0%E5%80%8B%E7%A9%BA%E6%A0%BC%E5%91%A2%EF%BC%9F.user.js"}}