{"options":{"comment":null,"compatopts_for_requires":true,"compat_wrappedjsobject":false,"compat_metadata":false,"compat_foreach":false,"compat_arrayleft":false,"compat_uW_gmonkey":false,"compat_forvarin":false,"noframes":null,"awareOfChrome":false,"run_at":null,"override":{"use_includes":[],"orig_includes":["https://pan.baidu.com/*","http://pan.baidu.com/*","http://yun.baidu.com/*"],"merge_includes":true,"use_matches":[],"orig_matches":[],"merge_matches":true,"use_excludes":[],"orig_excludes":["http://yun.baidu.com","http://yun.baidu.com/#*","http://pan.baidu.com/share/manage*","http://pan.baidu.com/disk/recyclebin*","http://yun.baidu.com/pcloud/album/info*"],"merge_excludes":true,"use_connects":[],"merge_connects":true,"use_blockers":[],"orig_run_at":"document-end","orig_noframes":null,"orig_connects":[]}},"settings":{"enabled":true,"position":30},"meta":{"name":"百度网盘助手•改","uuid":"ae360e2e-5678-4d17-a86a-3eff15424ee2","modified":1479983609149,"file_url":"https://greasyfork.org/scripts/17083-%E7%99%BE%E5%BA%A6%E7%BD%91%E7%9B%98%E5%8A%A9%E6%89%8B-%E6%94%B9/code/%E7%99%BE%E5%BA%A6%E7%BD%91%E7%9B%98%E5%8A%A9%E6%89%8B%E2%80%A2%E6%94%B9.user.js"}}