{"options":{"awareOfChrome":false,"comment":null,"compat_arrayleft":false,"compat_foreach":false,"compat_forvarin":false,"compat_metadata":false,"compat_uW_gmonkey":false,"compat_wrappedjsobject":false,"compatopts_for_requires":true,"noframes":null,"override":{"merge_connects":true,"merge_excludes":true,"merge_includes":true,"merge_matches":true,"orig_connects":[],"orig_excludes":[],"orig_includes":["http://fuli.ba/*","http://fuliba.mobi/*","http://fuliba.asia/*","http://api.uyan.cc/v4/comment/?uid=1701916*"],"orig_matches":[],"orig_noframes":null,"orig_run_at":"document-idle","use_blockers":[],"use_connects":[],"use_excludes":[],"use_includes":[],"use_matches":[]},"run_at":null},"settings":{"enabled":true,"position":24},"meta":{"name":"福利吧网盘自动补全","uuid":"159a0fe4-ce1d-4a22-b1b2-d4b0add0503a","modified":1479976101240,"file_url":"https://greasyfork.org/scripts/8712-%E7%A6%8F%E5%88%A9%E5%90%A7%E7%BD%91%E7%9B%98%E8%87%AA%E5%8A%A8%E8%A1%A5%E5%85%A8/code/%E7%A6%8F%E5%88%A9%E5%90%A7%E7%BD%91%E7%9B%98%E8%87%AA%E5%8A%A8%E8%A1%A5%E5%85%A8.user.js"}}