{"options":{"awareOfChrome":false,"comment":null,"compat_arrayleft":false,"compat_foreach":false,"compat_forvarin":false,"compat_metadata":false,"compat_uW_gmonkey":false,"compat_wrappedjsobject":false,"compatopts_for_requires":true,"noframes":null,"override":{"merge_connects":true,"merge_excludes":true,"merge_includes":true,"merge_matches":true,"orig_connects":[],"orig_excludes":[],"orig_includes":["*://music.163.com/*"],"orig_matches":["*://music.163.com/*"],"orig_noframes":null,"orig_run_at":"document-idle","use_blockers":[],"use_connects":[],"use_excludes":[],"use_includes":[],"use_matches":[]},"run_at":null},"settings":{"enabled":true,"position":29},"meta":{"name":"网易云音乐去收藏 999 限制","uuid":"f012a6ec-e62a-497c-9d1d-6ea65113dded","modified":1479976763329,"file_url":"https://greasyfork.org/scripts/9206-%E7%BD%91%E6%98%93%E4%BA%91%E9%9F%B3%E4%B9%90%E5%8E%BB%E6%94%B6%E8%97%8F-999-%E9%99%90%E5%88%B6/code/%E7%BD%91%E6%98%93%E4%BA%91%E9%9F%B3%E4%B9%90%E5%8E%BB%E6%94%B6%E8%97%8F%20999%20%E9%99%90%E5%88%B6.user.js"}}