{"options":{"awareOfChrome":false,"comment":null,"compat_arrayleft":false,"compat_foreach":false,"compat_forvarin":false,"compat_metadata":false,"compat_uW_gmonkey":false,"compat_wrappedjsobject":false,"compatopts_for_requires":true,"noframes":null,"override":{"merge_connects":true,"merge_excludes":true,"merge_includes":true,"merge_matches":true,"orig_connects":[],"orig_excludes":[],"orig_includes":["*://*"],"orig_matches":[],"orig_noframes":null,"orig_run_at":"document-start","use_blockers":[],"use_connects":[],"use_excludes":[],"use_includes":[],"use_matches":[]},"run_at":null},"settings":{"enabled":true,"position":28},"meta":{"name":"网盘死链检查","uuid":"47b2dd0c-f23d-48e5-acf5-71b849642880","modified":1479976741257,"file_url":"https://greasyfork.org/scripts/1262-%E7%BD%91%E7%9B%98%E6%AD%BB%E9%93%BE%E6%A3%80%E6%9F%A5/code/%E7%BD%91%E7%9B%98%E6%AD%BB%E9%93%BE%E6%A3%80%E6%9F%A5.user.js"}}