{"options":{"awareOfChrome":false,"comment":null,"compat_arrayleft":false,"compat_foreach":false,"compat_forvarin":false,"compat_metadata":false,"compat_uW_gmonkey":false,"compat_wrappedjsobject":false,"compatopts_for_requires":true,"noframes":null,"override":{"merge_connects":true,"merge_excludes":true,"merge_includes":true,"merge_matches":true,"orig_connects":[],"orig_excludes":["http*://*.taobao.com/*","http*://*.tmall.com/*","http*://*.jd.com/*","http*://s.360.cn/*","http://*.ctrip.com/*","https://*.evernote.com/*","https://*.yinxiang.com/*","/^https?://(localhost|10\\.|192\\.|127\\.)/","/https?://www.baidu.com/(?:s|baidu)\\?/","/https?://tieba.baidu.com/"],"orig_includes":["http://*","https://*","http://pan.baidu.com/s/*","http://eyun.baidu.com/s/*"],"orig_matches":[],"orig_noframes":null,"orig_run_at":"document-idle","use_blockers":[],"use_connects":[],"use_excludes":[],"use_includes":[],"use_matches":[]},"run_at":null},"settings":{"enabled":true,"position":15},"meta":{"name":"网盘自动填写密码【增强版】","uuid":"3b28c3f8-2d97-4edf-847a-c8cbb47bfcfc","modified":1479975301513,"file_url":"https://greasyfork.org/scripts/13463-%E7%BD%91%E7%9B%98%E8%87%AA%E5%8A%A8%E5%A1%AB%E5%86%99%E5%AF%86%E7%A0%81-%E5%A2%9E%E5%BC%BA%E7%89%88/code/%E7%BD%91%E7%9B%98%E8%87%AA%E5%8A%A8%E5%A1%AB%E5%86%99%E5%AF%86%E7%A0%81%E3%80%90%E5%A2%9E%E5%BC%BA%E7%89%88%E3%80%91.user.js"}}