{"options":{"awareOfChrome":false,"comment":null,"compat_arrayleft":false,"compat_foreach":false,"compat_forvarin":false,"compat_metadata":false,"compat_uW_gmonkey":false,"compat_wrappedjsobject":false,"compatopts_for_requires":true,"noframes":null,"override":{"merge_connects":true,"merge_excludes":true,"merge_includes":true,"merge_matches":true,"orig_connects":[],"orig_excludes":[],"orig_includes":["http://pan.baidu.com/share/link?*","http://pan.baidu.com/share/init?*","http://pan.baidu.com/s/*"],"orig_matches":[],"orig_noframes":null,"orig_run_at":"document-end","use_blockers":[],"use_connects":[],"use_excludes":[],"use_includes":[],"use_matches":[]},"run_at":null},"settings":{"enabled":true,"position":17},"meta":{"name":"自动转到分享页","uuid":"db5e99ef-308f-4098-931d-f13f112817ab","modified":1479975666155,"file_url":"https://greasyfork.org/scripts/431-%E8%87%AA%E5%8A%A8%E8%BD%AC%E5%88%B0%E5%88%86%E4%BA%AB%E9%A1%B5/code/%E8%87%AA%E5%8A%A8%E8%BD%AC%E5%88%B0%E5%88%86%E4%BA%AB%E9%A1%B5.user.js"}}