{"options":{"awareOfChrome":false,"comment":null,"compat_arrayleft":false,"compat_foreach":false,"compat_forvarin":false,"compat_metadata":false,"compat_uW_gmonkey":false,"compat_wrappedjsobject":false,"compatopts_for_requires":true,"noframes":null,"override":{"merge_connects":true,"merge_excludes":true,"merge_includes":true,"merge_matches":true,"orig_connects":[],"orig_excludes":[],"orig_includes":["*://tieba.baidu.com/*"],"orig_matches":[],"orig_noframes":null,"orig_run_at":"document-body","use_blockers":[],"use_connects":[],"use_excludes":[],"use_includes":[],"use_matches":[]},"run_at":null},"settings":{"enabled":true,"position":27},"meta":{"name":"贴吧页面精简","uuid":"89366402-aa02-44d2-8734-c532dfc75a43","modified":1479976244777,"file_url":"https://greasyfork.org/scripts/23687-%E8%B4%B4%E5%90%A7%E9%A1%B5%E9%9D%A2%E7%B2%BE%E7%AE%80/code/%E8%B4%B4%E5%90%A7%E9%A1%B5%E9%9D%A2%E7%B2%BE%E7%AE%80.user.js"}}