{
   "ext_name": {
      "message": "Chrome实验室"
   },
   "conf_extension": {
     "message": "Pig Toolbox 设置"
   },
   "conf_selectall": {
     "message": "全选"
   },
   "conf_selectnone": {
     "message": "全不选"
   },
   "conf_save": {
     "message": "保存"
   },
   "conf_closeoption": {
     "message": "关闭设置"
   },
   "conf_saved": {
     "message": "保存成功"
   },
   "conf_notsaved": {
     "message": "还未保存"
   },
   "conf2_menuItem_viewer": {
      "message": "用文档查看器打开"
   },
   "conf2_menuItem_current": {
      "message": "在当前标签页打开链接"
   },
   "conf2_menuItem_new_tab": {
      "message": "在新标签页打开链接"
   },   
   "conf2_menuItem_new_window": {
      "message": "在新窗口打开链接"
   },
   "conf2_menuItem_copy": {
      "message": "复制链接地址"
   },
   "conf2_menuItem_saveas": {
      "message": "保存链接为..."
   },   
   "conf_allowclick": {
     "message": "允许右键点击"
   },
   "conf_allowclick_enabletimer": {
     "message": "启用定时器"
   },
   "msg_showalert": {
     "message": "显示警告窗口"
   },
   "conf_allowclick_timerinterval": {
     "message": "定时器间隔(ms)"
   },
   "conf_viewer": {
     "message": "文档查看器"
   },
   "conf_viewer_desc": {
     "message": "在文档查看器中自动打开"
   },
   "menu_allowclick": {
     "message": "允许右键点击(一般)"
   },
   "menu_allowclick_desc": {
     "message": "可以在在当前页点击右键，选择文本、图像复制并允许点击。如果无效，请继续尝试允许右键点击(高级)。"
   },
   "menu_allowclick_b_stop": {
     "message": "允许右键点击(高级) 停止"
   },
   "menu_allowclick_b_start": {
     "message": "允许右键点击(高级) 启动"
   },
   "menu_allowclick_b_start_desc": {
     "message": "使用改进的方法来允许点击。如果您不停止，此功能将应用在所有网页上。原本的鼠标操作和相关的功能在网页上将无法正常工作。"
   },
   "menu_allowclick_msg": {
     "message": "允许右键点击(一般)启用成功。"
   },
   "menu_allowclick_b_msg": {
     "message": "已经开始运行。\n此功能将应用在所有网页上。原本的鼠标操作和相关的功能在网页上将无法正常工作。 \n这个功能只推荐临时使用。Chrome浏览器正常运行时将一直启用。您可以在Pig Toolbox设置中更改设置。"
   },
   "menu_lyrics": {
     "message": "搜索youtube音乐和视频的歌词"
   },   
   "menu_lyrics_desc": {
     "message": "这个功能在YouTube的视频 (音乐/视频)页面上有效。"
   },
   "menu_dic": {
     "message": "如何开始字典搜索？"
   },
   "menu_dic_desc": {
     "message": "如果你在网页上触发鼠标操作或热键，它将在字典中搜索被选定的文字。"
   },
   "msg_dic_info": {
     "message": "如果你在网页上触发鼠标操作或热键，它将在字典中搜索被选定的文字。你可以在\"Pig Toolbox 设置中\"设置 alt,ctrl+双击或热键(%s) 。"
   },
   "msg_dic_inputword": {
     "message": "请输入您要在字典中搜索的文字。"
   },
   "msg_dic_searchinput": {
     "message": "显示输入框以在字典中搜索文字。"
   },
   "msg_dic_search": {
     "message": "在字典中搜索被选中的文字。"
   },
   "msg_lyrics_onlyviewpage": {
     "message": "只有在YouTube视频播放页面(http://www.youtube.com)才能看到歌词页面。"
   },   
   "msg_lyrics_onlyviewpage2": {
     "message": "只有在YouTube视频播放页面(http://www.youtube.com)才能看到歌词页面。\n您现在要打开YouTube网站吗？"
   },   
   "msg_lyrics_error": {
     "message": "抱歉，在这张页面上无法找到视频信息。"
   },   
   "msg_close": {
     "message": "关闭"
   },      
   "msg_noresult": {
     "message": "没有搜索到结果。"
   },      
   "conf_lyrics_framepos": {
     "message": "位置"
   },
   "conf_setdefault": {
     "message": "使用默认值"
   },
   "conf_setdefault2": {
     "message": "设置为默认并保存"
   },
   "menu_gmail": {
     "message": "打开我的Gmail收件箱"
   },   
   "menu_gmail_desc": {
     "message": "去我的Gmail收件箱。"
   },     
   "msg_gmail_unread": {
     "message": "Gmail收件箱里有 %s 封未读邮件。"
   },
   "msg_gmail_notlogin": {
     "message": "未登录Gmail"
   },
   "conf_gmail": {
     "message": "Gmail邮件检查"
   },   
   "conf_gmail_customdomain": {
     "message": "要用您自己的域名里的Google Apps来使用Gmail邮件检查，在这里输入域名。"
   },
   "conf_gmail_showhint": {
     "message": "提示有未读邮件"
   },
   "conf_dic": {
     "message": "字典"
   },
   "conf_dic_framewidth": {
     "message": "宽度"
   },
   "conf_dic_frameheight": {
     "message": "高度"
   },
   "msg_toolsize": {
     "message": "工具菜单尺寸"
   },
   "conf_dic_actionkey": {
     "message": "功能键"
   },
   "conf_dic_actionkey_desc": {
     "message": "按下同时鼠标双击"
   },
   "conf_dic_actionkey_desc2": {
     "message": "手动输入文字的热键"
   },
   "conf_escapeclose": {
     "message": "离开时关闭"
   },
   "msg_dic_historyclear_desc": {
     "message": "删除所有历史记录"
   },
   "menu_openie": {
     "message": "用IE(Internet Explorer)打开当前网址"
   },
   "menu_openie2": {
     "message": "在IE里打开当前网址, 其他浏览器"
   },   
   "menu_openie_desc": {
     "message": "用Internet Explorer浏览器来打开当前标签页。"
   },   
   "menu_openie_1": {
     "message": "在IE里用新窗口打开当前网址"
   },   
   "menu_openie_1_desc": {
     "message": "在IE里用新窗口打开当前标签页网址。"
   },   
   "menu_openie_2": {
     "message": "在已打开的IE中打开当前网址"
   },   
   "menu_openie_2_desc": {
     "message": "在已经打开的IE中打开当前网址。"
   },      
   "menu_openie_3": {
     "message": "用外部程序打开当前网址"
   },   
   "msg_openexternal": {
     "message": "用%s来打开当前网址"
   },    
   "msg_openie_onlyhttp": {
     "message": "不支持的URL格式.\n%s"
   },
   "msg_newversion": {
     "message": "Pig Toolbox 新版本出来了"
   },   
   "conf_other": {
     "message": "其它"
   },
   "msg_error": {
     "message": "发生错误！"
   },
   "msg_error_plugin": {
     "message": "发生错误或仅支持Windows。"
   },   
   "msg_capturing": {
     "message": "截取中"
   },
   "msg_capture": {
     "message": "截取选择的区域"
   },
   "msg_cancel": {
     "message": "取消"
   },   
   "menu_screenshot": {
     "message": "截取这张页面"
   },   
   "menu_screenshot_desc": {
     "message": "截取这张网页的可视区域、整张页面或者选择的区域的截图。"
   },   
   "menu_grabvisiblepart": {
     "message": "截取这张页面的可视区域"
   },   
   "menu_grabvisiblepart_desc": {
     "message": "截取这张页面的可视区域。您可以复制到剪贴板或者保存文件到电脑上。"
   },      
   "menu_grabentirepage": {
     "message": "截取整张网页"
   },   
   "menu_grabentirepage_desc": {
     "message": "截取整张网页页面。您可以复制到剪贴板或者保存文件到电脑上。"
   },      
   "menu_grabentirepage_notwork": {
     "message": "这个页面无法使用截取整张页面. 可使用 \"截取这张页面的可视区域\"来替代。"
   },
   "menu_grabselected": {
     "message": "截取选择的区域"
   },
   "menu_grabselected_desc": {
     "message": "截取页面选择的区域。您可以复制到剪贴板或者保存文件到电脑上。"
   },  
   "msg_clickanddrag": {
     "message": "点击并拖拽"
   },
   "msg_screenshot_editor": {
     "message": "编辑图片。首先您得把图片复制到剪贴板。"
   },
   "msg_screenshot_confeditor": {
     "message": "选择图像编辑程序"
   },
   "msg_screenshot_confirmheight": {
     "message": "截取的高度您要设置为多少？"
   },
   "msg_screenshot_bigsize": {
     "message": "这个图像太大！这个图像大小有 %s。最大图像大小是 %s (可能是chrome 5 限制或者bug)。 可能无法复制图像到剪贴板。你可以在Pig Toolbox设置中改变最大图像大小值或者切掉高度和宽度。"
   },
   "conf_screenshot": {
     "message": "截图"
   },
   "conf_screenshot_quality": {
     "message": "jpeg 质量 (1~100)"
   },
   "conf_screenshot_removescrollbar": {
     "message": "去掉滚动条"
   },
   "conf_screenshot_editor": {
     "message": "图像编辑程序, 例如) c:\\windows\\system32\\mspaint.exe"
   },
   "conf_screenshot_maxdatasize": {
     "message": "最大图像大小(0是无限制), chrome 5 有大约 2100000 的限制。可能无法复制图像到剪贴板。但是将来chrome可能没有这个限制。"
   }, 
   "menu_wallpaper": {
     "message": "剪贴板图像成壁纸"
   },
   "menu_wallpaper_desc": {
     "message": "将剪贴板图像设置为桌面壁纸。"
   },   
   "menu_wallpaper_restore": {
     "message": "恢复之前的桌面壁纸"
   },
   "menu_wallpaper_restore_desc": {
     "message": "恢复之前的桌面壁纸。"
   },   
   "menu_wallpaper_restore_confirm": {
     "message": "您要恢复之前的桌面壁纸吗？"
   },      
   "menu_wallpaper_option1": {
     "message": "中央"
   },
   "menu_wallpaper_option2": {
     "message": "平铺"
   },
   "menu_wallpaper_option3": {
     "message": "调整大小"
   },
   "menu_wallpaper_ret0": {
     "message": "桌面壁纸更换失败。"
   },
   "menu_wallpaper_ret1": {
     "message": "剪贴板没有图片。首先您必须复制图片到剪贴板."
   },
   "menu_wallpaper_ret2": {
     "message": "桌面壁纸更换成功！"
   },
   "menu_wallpaper_ret3": {
     "message": "没有可恢复图像."
   },
   "menu_wallpaper_confirm": {
     "message": "您要将桌面壁纸改为剪贴板上的图片吗？"
   },
   "conf_style_usefonts": {
     "message": "使用网页的字体？"
   },
   "conf_yes": {
     "message": "是"
   },
   "conf_no": {
     "message": "否"
   },
   "conf_style_replacefont": {
     "message": "替换字体"
   },
   "conf_style_useanotherfont": {
     "message": "使用另一个字体"
   },
   "conf_style_customfont": {
     "message": "自定义字体"
   },
   "conf_style_enterfontname": {
     "message": "输入字体的名字"
   },
   "conf_add": {
     "message": "添加"
   },
   "conf_style_fontsize": {
     "message": "字体大小"
   },
   "msg_shadowwidth": {
     "message": "阴影宽度"
   },
   "conf_style_usecolors": {
     "message": "使用网页的颜色？"
   },
   "conf_style_backcolor": {
     "message": "背景颜色"
   },
   "conf_style_textcolor": {
     "message": "文字颜色"
   },
   "conf_style_linkscolor": {
     "message": "链接颜色"
   },
   "conf_style_visitedlinkscolor": {
     "message": "访问过的连接颜色"
   },
   "conf_style_showimages": {
     "message": "显示图片？"
   },
   "conf_style_showflash": {
     "message": "显示Flash内容？"
   },   
   "conf_style_hideflash": {
     "message": "隐藏所有的flash内容"
   },      
   "conf_style": {
     "message": "网页样式(字体,颜色,flash,图片)"
   },
   "conf_styleoption": {
     "message": "字体，颜色样式，flash屏蔽，图片详细选项"
   },
   "conf_stylepattern": {
     "message": "被应用的网址，每一行一个 (例: http*://www.google.*/*, all site: *)"
   },
   "conf_exception_pattern": {
     "message": "要排除的网址, 每一行一个 (例: http*://www.google.*/*)"
   },   
   "conf_stylehidefont": {
     "message": "隐藏字体选择"
   },
   "conf_styleanotherfont": {
     "message": "选择另一个字体"
   },
   "conf_styleadded": {
     "message": "字体添加成功"
   },
   "conf_stylenotdetected": {
     "message": "字体未检出。"
   },
   "conf_stylefontsize": {
     "message": "网页字体大小"
   },
   "menu_style_desc": {
     "message": "设置用户网页的字体，颜色..样式"
   },      
   "menu_style_manual": {
     "message": "在此页面上设置用户样式"
   },      
   "menu_style_manual_desc": {
     "message": "在此页面手动设置用户样式。"
   },      
   "menu_style_patternadd": {
     "message": "添加到用户样式"
   },      
   "menu_style_patternadd_desc": {
     "message": "添加本页网址到用户样式列表中"
   },      
   "msg_style_patternadd": {
     "message": "请输入一个地址以添加。 (例: http*://www.google.*/*, all site: *)"
   },
   "menu_style_start": {
     "message": "在页面上开始应用用户样式"
   },
   "menu_style_start_desc": {
     "message": "如果您不停止，此功能将应用在所有网页上。"
   },
   "menu_style_stop": {
     "message": "在页面上停止使用用户样式"
   },
   "menu_style_stop_desc": {
     "message": "在页面上停止使用用户样式。"
   }, 
   "msg_style_exist": {
     "message": "同样的地址已经存在。"
   },
   "msg_style_added": {
     "message": "地址已添加。如果您想删除或编辑这个地址，可到 \"Pig Toolbox 设置\"中去。"
   },
   "msg_style_applyed": {
     "message": "用户样式已在本网页中应用"
   },
   "msg_wrongword": {
     "message": "包含一个无效字符 (%s)."
   },
   "conf_hotkey": {
     "message": "热键"
   },
   "conf_none": {
     "message": "无"
   },
   "menu_trans": {
     "message": "翻译"
   },
   "menu_trans_desc": {
     "message": "它可以翻译网页。"
   },
   "menu_trans_manual": {
     "message": "翻译这张网页"
   },
   "menu_trans_start": {
     "message": "开始翻译网页"
   },
   "menu_trans_start_desc": {
     "message": "如果您不停止，此功能在Chrome浏览器正常运行时将在所有网页上应用本功能。"
   },
   "menu_trans_stop": {
     "message": "停止翻译网页"
   },
   "menu_trans_stop_desc": {
     "message": "停止翻译网页。"
   },   
   "conf_trans": {
     "message": "翻译网页"
   },
   "conf_trans_language": {
     "message": "翻译为"
   },   
   "msg_trans_applyed": {
     "message": "网页翻译已在本网页中应用。"
   },
   "menu_domain": {
     "message": "当前页的域名信息"
   },
   "menu_domain_desc": {
     "message": "显示当前页的域名信息。"
   },
   "msg_wrongdomain": {
     "message": "这是一个无效域名。"
   },
   "msg_showdomain": {
     "message": "打开域名详细信息。"
   },
   "msg_showcitymap": {
     "message": "打开Google地图。"
   },
   "msg_copyclipboard": {
     "message": "复制到剪贴板"
   },
   "msg_copyclipboard_desc": {
     "message": "复制到剪贴板。"
   },
   "conf_login": {
     "message": "登录表单填写"
   },
   "conf_login_data": {
     "message": "您可以添加或修改登录信息。修改后点击保存按钮。"
   },
   "msg_nodomain": {
     "message": "无法找到域名或网站名称。"
   },   
   "msg_login_select": {
     "message": "输入你想要的数字。"
   },
   "msg_login_nolist": {
     "message": "这个网站没有相应的登录信息。您可以在\"Pig Toolbox 设置\"中添加。"
   },
   "msg_login_fillfail": {
     "message": "未能使用您的登录信息。似乎找不到登录区域或登录信息没有被登记。"
   },   
   "menu_login_desc": {
     "message": "登录表单填写。"
   },
   "menu_login_manual": {
     "message": "在当前页填写登录表单"
   },
   "menu_login_manual_desc": {
     "message": "登录信息会被自动填写到当前页。"
   },
   "menu_login_dataadd": {
     "message": "添加登录信息"
   },
   "menu_login_dataadd_desc": {
     "message": "添加登录信息。"
   },
   "msg_login_inputsite": {
     "message": "输入网址域名。 (例: google.com)"
   },
   "msg_login_userid": {
     "message": "输入您的登录帐号. 一个网址可以使用多个帐号。"
   },
   "msg_login_password": {
     "message": "输入登录密码。"
   },
   "msg_login_exist": {
     "message": "相同的登录信息已经存在。"
   },   
   "msg_login_added": {
     "message": "登录信息已添加。如果您想删除或编辑这个地址，可到 \"Pig Toolbox 设置\"中去。"
   },
   "msg_login_overwrite": {
     "message": "相同的登录信息已经存在，您要覆盖吗？"
   },
   "msg_started": {
     "message": "已经开始运行，If not work, try refreshing the webpage."
   },
   "menu_search": {
     "message": "在当前网址搜索"
   },
   "menu_search_desc": {
     "message": "您可以简单地进行网页搜索"
   },
   "menu_searchinput_desc": {
     "message": "显示输入框以进行搜索。"
   }, 
   "menu_urlopen_desc": {
     "message": "打开链接"
   }, 
   "menu_search_disable_desc": {
     "message": "在当前页禁用工具菜单。"
   }, 
   "msg_searchinput": {
     "message": "请输入关键词以进行搜索。"
   },
   "msg_thissite": {
     "message": "当前网站"
   },
   "msg_websearch": {
     "message": "网页搜索"
   },   
   "msg_opentype": {
     "message": "搜索结果打开方式"
   },
   "msg_search": {
     "message": "搜索"
   },
   "msg_noquery": {
     "message": "请输入您的搜索字词。"
   },
   "msg_open_current": {
      "message": "在当前标签页打开"
   },   
   "msg_open_poswindow": {
      "message": "打开窗口的位置"
   },   
   "msg_open_newtab": {
      "message": "在新标签页打开"
   },   
   "msg_open_existtab": {
      "message": "在当前标签打开"
   },      
   "msg_open_newwindow": {
      "message": "在新窗口打开"
   },
   "msg_usercopyclipboard": {
      "message": "使用右键菜单复制文本。"
   },   
   "lyrics_search_prefix": {
      "message": "歌词"
   },
   "conf_lyrics_search_prefix": {
      "message": "搜索歌词时追加查询"
   },
    "conf_search_enableautcomplete": {
      "message": "在搜索框中提供查询建议"
   },
   "msg_confirmdelete": {
      "message": "您要删除吗？"
   },
   "msg_notselected": {
      "message": "没有进行选择。"
   },
   "msg_selectone": {
      "message": "请只选择一个。"
   },  
   "msg_delete": {
      "message": "删除"
   },
   "msg_edit": {
      "message": "编辑"
   },
   "msg_add": {
      "message": "添加"
   },
   "msg_sorttype": {
      "message": "排序类型"
   },
   "msg_sortsite": {
      "message": "按网站排序"
   },
   "msg_sortuserid": {
      "message": "按userid排序"
   },
   "conf_storage": {
      "message": "配置 导出/导入"
   },
   "msg_backupnotice2": {
     "message": "在非安全模式下不支持备份和导出功能。首先要在“填写登录表单”安全模式下创建密码"
   },
   "msg_enablebackup": {
     "message": "启用备份功能"
   },
   "msg_clearbackup": {
     "message": "清除所有备份"
   },
   "conf_storage_desc": {   
      "message": "如果您卸载\"Pig Toolbox\" 扩展，已经保存的设置也会被删除。在卸载本扩展前，请导出设置信息。"
   },   
   "conf_export": {
      "message": "导出"
   },
   "conf_import": {
      "message": "导入"
   },
   "msg_importfromfile": {
      "message": "读取文件"
   },
   "msg_importerror": {
      "message": "导入失败。"
   },
   "msg_importok": {
      "message": "导入成功！页面将重载。"
   },
   "msg_exportok": {
      "message": "复制导出数据到剪贴板。"
   },
   "msg_import_confirm": {
      "message": "已存在的设置信息将被覆盖，继续吗？"
   },
   "msg_noinput": {
      "message": "无数据输入"
   },
   "conf_lyrics_search_google": {
      "message": "使用Google搜索"
   },
   "msg_bgcolor": {
      "message": "背景颜色"
   },
   "msg_bordercolor": {
      "message": "边界颜色"
   },
   "msg_bordewidth": {
      "message": "边界宽度"
   },
   "msg_omnibox": {
      "message": "Chrome地址栏"
   },
   "msg_configure": {
      "message": "配置"
   },
   "msg_howtouse": {
      "message": "如何使用？"
   },
   "msg_omnihowto": {
     "message": "通过在地址栏输入“=”并键入“Tab键或空格键”来直接进行搜索"
   },
   "menu_wallpaper_editor": {
      "message": "编辑剪贴板的图像"
   },
   "menu_wallpaper_editor_desc": {
      "message": "编辑剪贴板的图像"
   },
   "menu_shorturl": {
      "message": "将长网址缩短"
   },
   "msg_shorturl": {
      "message": "生成短址"
   },
   "msg_noshorturl": {
      "message": "没有短网址被创建。"
   },
   "msg_make": {
      "message": "缩短"
   },
   "conf_shorturl_copyclipboard": {
      "message": "自动复制到剪贴板"
   },
   "msg_copyed": {
      "message": "复制到剪贴板"
   },
   "msg_post": {
      "message": "发布"
   },
   "conf_shorturl_data": {
      "message": "您可以添加或修改用户定义提供服务的网站。修改后，点击保存按钮。"
   },
   "msg_multiplesel": {
      "message": "多行选择请使用"
   },
   "msg_inputtitle": {
      "message": "输入标题"
   },
   "msg_shorturl_posturl": {
      "message": "输入发布网址."
   },
   "msg_create_enc_password": {
      "message": "创建密码以保护登录信息。你必须牢记这个密码。如果你忘了这个密码，将不可找回的。你只能重置。"
   },
   "msg_create_enc_password2": {
      "message": "再次输入您的密码。"
   },
   "msg_enter_enc_password": {
      "message": "已被密码保护，请输入您的密码。"
   },
   "msg_notmatch": {
      "message": "对不起，密码不匹配"
   },
   "msg_login": {
      "message": "登录"
   },
   "msg_login_desc": {
      "message": "输入密码登录"
   },
   "msg_logout": {
      "message": "退出"
   },
   "msg_logout_desc": {
      "message": "退出以保护登录信息。"
   },
   "msg_login_normal_mode": {
      "message": "设置一般模式"
   },
   "msg_login_security_mode": {
      "message": "设置安全模式"
   },
   "msg_login_security_mode_desc": {
      "message": "更安全的方式。您必须登录以使用自动登录表单填写中的登录数据。因为使用了Hash加密，这是很安全的。"
   },
   "msg_short_password": {
      "message": "密码太短， 请输入 %s 个或以上的字符。"
   },
   "msg_reset": {
      "message": "重置"
   },
   "msg_login_reset_confirm": {
      "message": "如果您忘记密码，你必须重置，所有数据都将删除和清除。你要重置登录信息？"
   },
   "msg_confirm": {
      "message": "您确定？"
   },
   "conf_enabletoolmenu": {
     "message": "在网页上启用工具菜单"
   }, 
   "msg_bold": {
      "message": "粗体"
   },
   "msg_color": {
      "message": "颜色"
   },
   "msg_displaytype": {
      "message": "显示方式"
   },
   "conf_gesture": {
      "message": "鼠标手势"
   },   
   "conf_gesture_detail": {
      "message": "手势详细设置"
   },  
   "msg_gesture_preview": {
      "message": "手势预览，拖拽鼠标右键。"
   },   
   "msg_linewidth": {
      "message": "线条宽度"
   },   
   "msg_linecolor": {
      "message": "线条颜色"
   },   
   "msg_goback": {
      "message": "后退"
   },   
   "msg_goforward": {
      "message": "前进"
   },   
   "msg_closetab": {
      "message": "关闭当前标签"
   },   
   "msg_reload": {
      "message": "刷新"
   },   
   "msg_lefttab": {
      "message": "切换到左边的标签页"
   },   
   "msg_righttab": {
      "message": "切换到右边的标签页"
   },   
   "msg_firsttab": {
      "message": "切换到第一个标签页"
   },   
   "msg_lasttab": {
      "message": "切换到最后的标签页"
   },   
   "msg_pageup": {
      "message": "上一页"
   },   
   "msg_pagedown": {
      "message": "下一页"
   },   
   "msg_gotop": {
      "message": "到页面顶端"
   },   
   "msg_gobottom": {
      "message": "到页面底端"
   },
   "msg_cookie": {
      "message": "显示cookie"
   },
   "msg_confirmcopyclipboard": {
      "message": "您要复制到剪贴板吗？"
   },
    "conf_gestureenable": {
      "message": "启用鼠标手势"
   },   
    "conf_gesturedisable": {
      "message": "禁用鼠标手势"
   },
    "msg_reloadnocache": {
      "message": "刷新 (完全, 无缓存)"
   },
    "msg_stopload": {
      "message": "停止"
   },
    "msg_parentdir": {
      "message": "到上一级目录"
   },
    "msg_openhome": {
      "message": "打开主页"
   },
    "msg_openhistory": {
      "message": "打开chrome历史记录"
   },
    "msg_opendownloads": {
      "message": "打开chrome下载记录"
   },
    "msg_openextension": {
      "message": "打开chrome扩展"
   },
    "msg_openbookmark": {
      "message": "打开chrome书签"
   },
   "msg_shiftkey": {
      "message": "输入控制键的值"
   },
   "msg_codekey": {
      "message": "输入代码键字符串值"
   },
   "msg_postkey": {
      "message": "Chrome快捷键设置"
   },
   "msg_viewsource": {
      "message": "显示源代码"
   },
   "msg_newtabclone": {
      "message": "以新标签方式打开当前网址"
   },
   "msg_closewin": {
      "message": "关闭当前窗口"
   },
   "msg_closewinconfirm": {
      "message": "您要关闭当前窗口吗？"
   },
   "conf_forcefrontnewtab": {
      "message": "当打开新标签时强制标签在前面(点击鼠标中键时非常有用)"
   },
   "msg_chromehide": {
      "message": "隐藏Chrome窗口"
   },
   "msg_chromeshow": {
      "message": "显示Chrome窗口"
   },
   "msg_url": {
      "message": "打开URL"
   },
   "menu_othertool": {
      "message": "其它网页工具"
   },
   "menu_youtube": {
     "message": "Youtube工具"
   },
   "msg_addyoutubetool": {
     "message": "在YouTube视频上添加一个“工具”按钮"
   },
   "menu_youtube_repeat": {
     "message": "重复播放youtube视频或音乐"
   },
   "conf_allowclick_b_keepenable": {
     "message": "保持右键点击(高级)在有效状态"
   },
   "msg_enablepattern": {
     "message": "启用样式"
   },
   "msg_youtube_noembed": {
     "message": "嵌入该视频被禁用。"
   },
   "conf_exporttip": {
     "message": "提示: 你可以使用Google Drive来保存配置信息。这样你可以随时随地使用。"
   },
   "conf_autosave": {
     "message": "选择该页面的设定内容时，将自动存储。"
   },
   "menu_runscript": {
     "message": "在网页中执行脚本"
   },
   "msg_runscript": {
     "message": "执行脚本"
   },
   "msg_autosave": {
     "message": "当这个窗口关闭时自动保存"
   },
   "msg_newcodeedit": {
     "message": "新建空白文档"
   },
   "msg_runscript_allframes": {
     "message": "执行所有帧"
   },
   "msg_disabled": {
     "message": "此功能被禁用"
   },
   "msg_disabled2": {
     "message": "禁用"
   },   
   "msg_filename": {
     "message": "文件名"
   },
   "msg_name": {
     "message": "名称"
   },
   "msg_includepattern": {
     "message": "被应用的网址"
   },
   "msg_excludepattern": {
     "message": "要排除的网址"
   },
   "msg_scriptcode": {
     "message": "脚本代码"
   },
   "msg_injectscript": {
     "message": "脚本注入插件"
   },
   "msg_find": {
     "message": "查找"
   },
   "msg_replace": {
     "message": "替换"
   },
   "msg_jumptoline": {
     "message": "转到行"
   },
   "msg_ratedesc": {
     "message": "如果你喜欢这个扩展，给一个5星的评分并推荐给朋友吧，不胜感激！"
   },
   "msg_ratethisitem": {
     "message": "对此扩展评分"
   },
   "msg_dblclickclose": {
     "message": "鼠标双击关闭标签"
   },
   "msg_wheelswitchtab": {
     "message": "在标签栏上使用鼠标滚轮切换标签页"
   },
   "msg_worksrecursively": {
     "message": "递归地进行切换"
   },
   "msg_wheelswitchtabright": {
     "message": "按住鼠标右键，然后滚动滚轮切换标签页"
   },
   "msg_blockmidclickclose": {
     "message": "禁用鼠标中键关闭标签页"
   },
   "msg_enteropennewtab": {
     "message": "在新标签页打开地址栏输入的网址"
   },
   "msg_confirmchromeclose": {
     "message": "关闭多个标签时提示确认"
   },
   "msg_nocloselasttab": {
     "message": "关闭最后一个标签时不关闭窗口，而是新建一个新标签"
   },
   "msg_windowsonly": {
     "message": "仅限Windows"
   },
   "msg_userhotkey": {
     "message": "自定义热键"
   },
   "msg_contextmenu": {
     "message": "Chrome右键菜单"
   },
   "msg_donatedesc": {
     "message": "很高兴你能使用这个扩展程序，如果你喜欢它，可以在这里捐献以支持一下作者，这将会有很大的帮助，谢谢！"
   },
   "msg_donate": {
     "message": "捐赠"
   },
   "msg_autosavedocs": {
     "message": "在空闲时自动保存到Google Drive"
   },
   "msg_notworklogout": {
     "message": "如果你未登录则无效"
   },
   "msg_makeqrcode": {
     "message": "QR码生成"
   },
   "msg_qrcode": {
     "message": "QR码"
   },
   "msg_block": {
     "message": "屏蔽"
   },
   "msg_unblock": {
     "message": "取消屏蔽"
   },
   "msg_similar": {
     "message": "相似"
   },   
   "msg_enablesuperdrag": {
     "message": "超级拖拽"
   },
   "msg_clipinfowebpage": {
     "message": "显示页面元素信息"
   },
   "msg_blocklist": {
     "message": "屏蔽Google搜索结果"
   },
   "msg_imagemenu": {
     "message": "网页图片工具菜单"
   },
   "msg_enablesaveimage": {
     "message": "启用图片自动保存"
   },
   "msg_actionfileexist": {
     "message": "文件存在时激活"
   },
   "msg_renameauto": {
     "message": "自动重命名"
   },
   "msg_overwrite": {
     "message": "覆盖"
   },
   "msg_promptdialog": {
     "message": "弹出确认框"
   },
   "msg_minsizeimage": {
     "message": "可被应用的最小图片尺寸"
   },
   "msg_working": {
     "message": "正在使用中..请稍后重试。"
   },
   "msg_downloading": {
     "message": "正在下载..请稍后。"
   },
   "conf_enable": {
     "message": "启用"
   },
   "conf_disable": {
     "message": "禁用"
   },
   "msg_supergesturedesc": {
     "message": "超级手势是一个全局范围的手势操作。你可以无缝地在所有Chrome页面里使用鼠标手势。"
   },
   "msg_developertools": {
     "message": "开发者工具"
   },
   "msg_ok": {
     "message": "确定"
   },
   "msg_minwindow": {
     "message": "最小化窗口"
   },
   "msg_superoneclick": {
     "message": "超级滚轮点击"
   }, 
   "msg_superoneclickalert": {
     "message":  "选择当你使用滚轮按键点击Chrome地址栏时想要的操作"
   },
   "msg_usercontextmenu": {
     "message": "用户定义的右键菜单"
   },      
   "msg_torrentsearch": {
     "message": "搜索种子"
   },      
   "msg_mp3search": {
     "message": "搜索MP3"
   },      
   "msg_iplookup": {
     "message": "查找IP地址"
   },      
   "msg_modified": {
     "message": "已经修改，但尚未保存。"
   },
   "msg_imageproperty": {
     "message": "图片属性"
   },
   "msg_searchimage": {
     "message": "使用Google搜索这个图片"
   },
   "msg_rockergesture": {
     "message": "摇杆手势"
   },
   "msg_jstool": {
     "message": "Javascript脚本工具"
   },
   "msg_similarpages": {
     "message": "搜索相似页面"
   },
   "msg_closeothertab": {
     "message": "关闭其他标签页"
   },
   "msg_closelefttab": {
     "message": "关闭左侧标签页"
   },
   "msg_closerighttab": {
     "message": "关闭右侧标签页"
   },
   "msg_cannotadd": {
     "message": "你不能继续添加了。\n上限是 %s."
   },
   "msg_reloadalltabs": {
      "message": "重新载入所有标签页"
   },
   "msg_openlastfolder": {
     "message": "打开最后保存的文件夹"
   },   
   "msg_restorefrombackup": {
      "message": "从最近备份里还原"
   },   
   "msg_savedtime": {
      "message": "保存的时间"
   },
   "msg_showarrow": {
      "message": "在鼠标轨迹显示箭头"
   },
   "msg_maxwindow": {
      "message": "最大化窗口 开/关"
   },
   "msg_fullscreen": {
      "message": "全屏 开/关"
   },
   "msg_sensitivity": {
      "message": "灵敏度"
   },
   "msg_up": {
      "message": "上"
   },
   "msg_down": {
      "message": "下"
   },
   "msg_recognition": {
      "message": "承认"
   },
   "msg_wheelgesture": {
      "message": "滚轮手势"
   },
   "msg_pintabonoff": {
      "message": "固定标签 开/关"
   },
   "menu_openlinknewtabback": {
     "message": "在新标签页打开链接 [后台]"
   },
   "menu_openlinknewtabfore": {
     "message": "在新标签页打开链接 [前台]"
   },
   "msg_showthisframe": {
      "message": "只显示这个frame"
   },
   "msg_openframenewwin": {
      "message": "在新窗口打开frame"
   },
   "msg_openframenewtab": {
      "message": "在新标签页打开frame"
   },
   "msg_reloadframe": {
      "message": "重新载入frame"
   },
   "msg_viewframesource": {
      "message": "查看frame源代码"
   },
   "msg_newfolder": {
      "message": "新文件夹r"
   },
   "msg_bookmarkpage": {
      "message": "为这个页面添加收藏"
   },
   "msg_bookmarkframe": {
      "message": "为这个frame添加收藏"
   },
   "msg_bookmarkcurrent": {
      "message": "为当前页面添加收藏"
   },
   "msg_bookmarktabs": {
      "message": "为所有标签页添加收藏"
   },
   "msg_saveimage": {
      "message": "图片另存为..."
   },
   "msg_autosaveimage": {
      "message": "立即保存图片"
   },
   "msg_userscript": {
     "message": "用户脚本"
   },
   "msg_userscriptall": {
     "message": "用户脚本 [在所有frames里执行]"
   },
   "msg_sharepost": {
      "message": "发送到分享"
   },
   "msg_sharemenupost": {
      "message": "发送到分享 [右键菜单]"
   },   
   "msg_folderpath": {
      "message": "文件夹路径"
   },
   "msg_password": {
      "message": "密码"
   },
   "msg_listalltabs": {
      "message": "列出所有标签页"
   },
   "msg_topsites": {
      "message": "最常访问网站"
   },
   "msg_openpopup": {
      "message": "在弹窗中打开"
   },
   "msg_chooselink": {
      "message": "在当前位置找到一些资源。\n请选择如何操作?"
   },
   "msg_bookmark": {
      "message": "书签"
   },
   "msg_recenthistory": {
      "message": "最近访问的网站"
   },
   "msg_visitcount": {
      "message": "访问次数"
   },
   "msg_timeam": {
      "message": "上午"
   },
   "msg_timepm": {
      "message": "下午"
   },
   "msg_timetoday": {
      "message": "今天"
   },
   "msg_timeyesterday": {
      "message": "昨天"
   },
   "msg_print": {
      "message": "打印"
   },
   "msg_closedtabs": {
     "message": "关闭标签页列表"
   },
   "menu_openlinknewwindow": {
     "message": "在新窗口打开链接"
   },
   "msg_bookmarklink": {
      "message": "为这个链接添加收藏"
   },
   "msg_openlinkfromselection": {
      "message": "打开选中的所有链接"
   },
   "msg_larger": {
     "message": "大"
   },      
   "msg_medium": {
     "message": "正常"
   },
   "msg_conflogindata": {
     "message": "登录数据管理器"
   },
   "msg_cleaner": {
     "message": "清除浏览数据"
   },
   "msg_closealllefttab": {
     "message": "关闭左侧所有标签页"
   },
   "msg_closeallrighttab": {
     "message": "关闭右侧所有标签页"
   },
   "msg_toggletab": {
     "message": "切换到之前的选项卡"
   },
   "ext_name2": {
      "message": "Pig Toolbox (Super Gestures)"
   },
   "msg_urlinfo": {
     "message": "框架，页面，链接，图片地址信息"
   },
   "msg_imagenewtab": {
     "message": "在新标签页打开图片"
   },
   "menu_openietab": {
     "message": "用IE(Internet Explorer)打开当前网址"
   },
   "menu_appruns": {
     "message": "载入Chrome应用"
   },
   "msg_openexternal_3": {
     "message": "在IE多标签模式打开"
   },
   "msg_complete": {
     "message": "完成."
   },
   "msg_share": {
     "message": "分享"
   },
   "msg_imagefromclipboard": {
     "message": "分享，打印剪贴板的图片"
   },
   "msg_loadclipboardimage": {
     "message": "从剪贴板载入图片"
   },
   "msg_open": {
     "message": "打开"
   },
   "msg_sharehistory": {
     "message": "分享历史"
   },
   "msg_rightclickclose": {
     "message": "右键关闭标签"
   },
   "msg_listen": {
     "message": "听"
   },
   "msg_note": {
     "message": "便签"
   },
   "msg_sendurl": {
      "message": "发送当前链接到邮件或其他网站"
   },
   "msg_duplicate": {
      "message": "复制标签"
   },
   "msg_notworkthispage": {
      "message": "这个手势无法在当前页面使用。"
   },   
   "msg_newtab": {
      "message": "打开Chrome新标签页"
   },
   "menu_opentrans": {
     "message": "打开一个翻译窗口"
   },
   "menu_enableopenweb": {
     "message": "总在翻译窗口打开"
   },
   "msg_select": {
     "message": "选择"
   },
   "msg_change": {
     "message": "修改"
   },
   "msg_alwaystoponoff": {
     "message": "总在最前 开/关"
   },   
   "msg_alwaystop": {
     "message": "总在最前"
   },   
   "msg_cleardesc": {
     "message": "输入想要清理历史记录的周期（以小时为单位）。"
   },   
   "msg_maxrange": {
     "message": "最大周期: %s"
   },
   "msg_upgradenow": {
     "message": "建议立即升级。"
   },
   "msg_openurl": {
     "message": "你想在新标签页打开这个链接吗?"
   },
   "msg_textzoomin": {
     "message": "文本放大"
   },
   "msg_textzoomout": {
     "message": "文本缩小"
   },
   "msg_textzoomreset": {
     "message": "重置文本缩放"
   },
   "msg_detachtab": {
     "message": "分离标签"
   },
   "msg_imgerror": {
     "message": "出现了一个错误。无法载入图片"
   },
   "msg_unknown": {
     "message": "未知"
   },
   "msg_home": {
     "message": "返回主页"
   },
   "msg_importsuccess": {
     "message": "数据已经读入。\n确认设置后上传。"
	},
   "msg_details": {
     "message": "细节"
   },
   "msg_expandmenu": {
     "message": "扩展菜单"
   },
   "msg_title": {
     "message": "标题"
   },
   "msg_autoadjust": {
     "message": "自动调整"
   },
   "msg_gdrivesave": {
     "message": "保存到Google Drive"
   },
   "msg_gdriveimport": {
     "message": "从Google Drive中载入"
   },
   "msg_tools": {
     "message": "工具"
   },
   "msg_menu": {
     "message": "菜单"
   },
   "msg_checkchanges": {
     "message": "建议保存修改。\n\n你想要放弃修改吗?"
   },
   "msg_total": {
     "message": "总计"
   },
   "msg_nonename": {
     "message": "没有命名"
   },
   "msg_notag": {
      "message": "无法找到%s个标签。"
   },
   "msg_firstenable": {
     "message": "如果你想使用这个手势请先启用它。"
   },
	"msg_default": {
     "message": "默认值"
   },
	"msg_addtogestures": {
     "message": "添加到手势，用户定义的右键菜单"
   },
	"msg_starting": {
     "message": "正在运行"
   },
	"msg_confirmopen": {
     "message": "你想打开%s个链接?"
   },
   "msg_loginagain": {
      "message": "请重新登录并重试。"
   },
   "msg_ignoreitopen": {
      "message": "忽略它,你想打开吗?"
   },
   "msg_dateweather": {
      "message": "显示时间，天气和新闻"
   }
}
